page_id,page_name,introduced_in,layout_profile,top_bar_height_dp,bottom_nav_height_dp,horizontal_padding_dp,section_gap_dp,card_radius_dp,input_height_dp,primary_button_height_dp,minimum_touch_dp,page_title_token,body_token,caption_token,dominant_region,identity_signature,specific_rules,forbidden_guessing
DS-001,色彩、字体、间距与圆角规范板,V1.0.0,DESIGN_BOARD,none,none,0,20,0,N/A,48,48,page_title,body,caption,design_reference_board,颜色样本+字体层级+间距刻度+圆角样本,仅用于设计与验收，不是业务页面,禁止从效果图估算或页面内硬编码数值；必须引用 STK-DS-1.0
DS-002,公共组件规范板,V1.0.0,DESIGN_BOARD,none,none,0,20,0,N/A,48,48,page_title,body,caption,design_reference_board,顶部栏+底部导航+按钮+输入框+标签+卡片,组件板不得实现成独立业务页面,禁止从效果图估算或页面内硬编码数值；必须引用 STK-DS-1.0
DS-003,全局状态与反馈规范板,V1.0.0,DESIGN_BOARD,none,none,0,20,0,N/A,48,48,page_title,body,caption,design_reference_board,骨架+空状态+错误+成功+Snackbar+Dialog,统一所有页面反馈，不得逐页自由设计,禁止从效果图估算或页面内硬编码数值；必须引用 STK-DS-1.0
SYS-001,启动与路由判定,V1.0.0,SPLASH,none,none,24,20,16,N/A,48,48,page_title,body,caption,centered_brand_status,品牌标识+启动状态+恢复入口,只做路由判定，不展示广告,禁止从效果图估算或页面内硬编码数值；必须引用 STK-DS-1.0
SYS-002,维护、离线与服务不可用,V1.0.0,RESULT,56,none,24,20,16,N/A,48,48,page_title,body,caption,centered_result,系统状态插图+明确原因+重试/退出,不能用空白页或系统异常堆栈,禁止从效果图估算或页面内硬编码数值；必须引用 STK-DS-1.0
SYS-003,版本更新与下载状态,V1.4.0,STANDARD,56,none,16,20,16,N/A,48,48,page_title,body,caption,standard_content,当前版本+新版本+更新日志+下载状态,只接受服务器签名配置和白名单下载域名,禁止从效果图估算或页面内硬编码数值；必须引用 STK-DS-1.0
SYS-OV-001,可选更新弹窗,V1.4.0,OVERLAY,parent,parent,0,20,20,N/A,48,48,page_title,body,caption,dialog_or_bottom_sheet,版本号+更新摘要+稍后/立即更新,允许关闭,禁止从效果图估算或页面内硬编码数值；必须引用 STK-DS-1.0
SYS-OV-002,强制更新弹窗,V1.4.0,OVERLAY,parent,parent,0,20,20,N/A,48,48,page_title,body,caption,dialog_or_bottom_sheet,版本号+强制说明+立即更新,不提供关闭进入业务的路径,禁止从效果图估算或页面内硬编码数值；必须引用 STK-DS-1.0
COM-OV-001,受控外部链接确认,V1.1.0,OVERLAY,parent,parent,0,20,20,N/A,48,48,page_title,body,caption,dialog_or_bottom_sheet,目标服务+域名+风险说明+继续/取消,非白名单地址必须阻断,禁止从效果图估算或页面内硬编码数值；必须引用 STK-DS-1.0
COM-OV-002,阶段功能说明弹窗,V1.0.0,OVERLAY,parent,parent,0,20,20,N/A,48,48,page_title,body,caption,dialog_or_bottom_sheet,功能名称+开放版本+返回,用于早期版本的发布/会员等明确占位，禁止无响应,禁止从效果图估算或页面内硬编码数值；必须引用 STK-DS-1.0
AUTH-001,登录,V1.0.0,AUTH,none,none,24,20,16,48,48,48,page_title,body,caption,brand_header_and_form,商推客品牌+密码/短信双模式+主登录按钮,登录、注册、发送短信均受安全验证码约束,禁止从效果图估算或页面内硬编码数值；必须引用 STK-DS-1.0
AUTH-002,注册,V1.0.0,AUTH,none,none,24,20,16,48,48,48,page_title,body,caption,brand_header_and_form,手机号+密码+确认密码+协议+注册按钮,注册不发送短信验证码,禁止从效果图估算或页面内硬编码数值；必须引用 STK-DS-1.0
AUTH-003,找回并重置密码,V1.0.0,AUTH,none,none,24,20,16,48,48,48,page_title,body,caption,brand_header_and_form,手机号+短信验证码+新密码+确认密码,发送短信和最终提交都需要动作绑定的安全验证码票据,禁止从效果图估算或页面内硬编码数值；必须引用 STK-DS-1.0
AUTH-004,用户协议,V1.0.0,LEGAL,56,none,16,20,16,N/A,48,48,page_title,body,caption,scrolling_legal_text,固定标题+版本日期+协议正文,内容来自受版本管理的后台协议配置,禁止从效果图估算或页面内硬编码数值；必须引用 STK-DS-1.0
AUTH-005,隐私政策,V1.0.0,LEGAL,56,none,16,20,16,N/A,48,48,page_title,body,caption,scrolling_legal_text,固定标题+版本日期+隐私正文,内容来自受版本管理的后台协议配置,禁止从效果图估算或页面内硬编码数值；必须引用 STK-DS-1.0
AUTH-OV-001,安全验证码弹窗,V1.0.0,OVERLAY,parent,parent,0,20,20,N/A,48,48,page_title,body,caption,dialog_or_bottom_sheet,验证码图片+输入框+刷新+确认,challenge/ticket 与动作、会话、IP、设备绑定且一次一用,禁止从效果图估算或页面内硬编码数值；必须引用 STK-DS-1.0
AUTH-OV-002,账号与风控提示,V1.0.0,OVERLAY,parent,parent,0,20,20,N/A,48,48,page_title,body,caption,dialog_or_bottom_sheet,状态图标+原因+恢复建议+确认,不能暴露账户是否存在等敏感细节,禁止从效果图估算或页面内硬编码数值；必须引用 STK-DS-1.0
HOME-001,首页项目流,V1.0.0,ROOT_FEED,56,64,16,20,16,N/A,48,48,page_title,body,caption,single_column_project_feed,品牌顶部栏+搜索+分类+单列项目卡+底部导航,首页只展示 published 项目,禁止从效果图估算或页面内硬编码数值；必须引用 STK-DS-1.0
HOME-002,项目搜索,V1.1.0,SEARCH,56,none,16,20,16,N/A,48,48,page_title,body,caption,search_results,搜索输入+结果统计+项目列表,不在一期保存个人搜索历史,禁止从效果图估算或页面内硬编码数值；必须引用 STK-DS-1.0
HOME-003,项目分类筛选,V1.1.0,OVERLAY,parent,parent,0,20,20,N/A,48,48,page_title,body,caption,dialog_or_bottom_sheet,分类列表+当前选中+确认/重置,分类排序和可见性由后台控制,禁止从效果图估算或页面内硬编码数值；必须引用 STK-DS-1.0
HOME-004,项目详情,V1.0.0,DETAIL,56,none,16,20,16,N/A,48,48,page_title,body,caption,project_hero_and_full_content,项目图片+标题简介+发布者+联系方式+底部操作,公开详情不显示完整手机号作为用户名,禁止从效果图估算或页面内硬编码数值；必须引用 STK-DS-1.0
HOME-OV-001,项目图片查看器,V1.1.0,OVERLAY,parent,parent,0,20,20,N/A,48,48,page_title,body,caption,dialog_or_bottom_sheet,沉浸式图片+页码+缩放+关闭,不提供未规划的保存到相册按钮,禁止从效果图估算或页面内硬编码数值；必须引用 STK-DS-1.0
HOME-OV-002,联系方式操作面板,V1.1.0,OVERLAY,parent,parent,0,20,20,N/A,48,48,page_title,body,caption,dialog_or_bottom_sheet,联系方式类型+脱敏/完整值+复制/拨打/打开,根据 contact_type 白名单显示动作,禁止从效果图估算或页面内硬编码数值；必须引用 STK-DS-1.0
PUB-001,发布项目,V1.2.0,FORM,56,none_or_root_publish,16,20,16,48,48,48,page_title,body,caption,project_form,标题+简介+分类+多图+联系方式+协议+提交,底部发布导航在 V1.0/V1.1 显示阶段弹窗，V1.2 起进入本页,禁止从效果图估算或页面内硬编码数值；必须引用 STK-DS-1.0
PUB-002,图片排序与封面,V1.2.0,FORM,56,none_or_root_publish,16,20,16,48,48,48,page_title,body,caption,project_form,可拖动图片网格+封面标识+完成,图片数量和大小同时由客户端及服务端校验,禁止从效果图估算或页面内硬编码数值；必须引用 STK-DS-1.0
PUB-003,发布提交结果,V1.2.0,RESULT,56,none,24,20,16,N/A,48,48,page_title,body,caption,centered_result,结果插图+审核状态+查看/继续发布,结果必须来自服务端真实状态,禁止从效果图估算或页面内硬编码数值；必须引用 STK-DS-1.0
PUB-004,编辑项目,V1.2.0,FORM,56,none_or_root_publish,16,20,16,48,48,48,page_title,body,caption,project_form,已有内容表单+审核提示+保存,编辑 published 项目默认重新进入审核,禁止从效果图估算或页面内硬编码数值；必须引用 STK-DS-1.0
PUB-OV-001,删除图片确认,V1.2.0,OVERLAY,parent,parent,0,20,20,N/A,48,48,page_title,body,caption,dialog_or_bottom_sheet,缩略图+删除说明+取消/删除,删除未绑定项目的上传资产也需服务端鉴权,禁止从效果图估算或页面内硬编码数值；必须引用 STK-DS-1.0
PUB-OV-002,未保存退出确认,V1.2.0,OVERLAY,parent,parent,0,20,20,N/A,48,48,page_title,body,caption,dialog_or_bottom_sheet,未保存说明+继续编辑/放弃,只在表单有变化时出现,禁止从效果图估算或页面内硬编码数值；必须引用 STK-DS-1.0
PUB-OV-003,联系方式类型选择,V1.2.0,OVERLAY,parent,parent,0,20,20,N/A,48,48,page_title,body,caption,dialog_or_bottom_sheet,手机/微信/QQ/网址等后台允许类型,禁止客户端自行出现未配置类型,禁止从效果图估算或页面内硬编码数值；必须引用 STK-DS-1.0
ME-001,我的,V1.0.0,ROOT_PROFILE,brand_header,64,16,20,16,N/A,48,48,page_title,body,caption,profile_card_member_wallet_tools,资料卡+双账户+会员卡+道具+常用功能+底部导航,V1.0 提供基础资料；V1.3 完成全部展示区,禁止从效果图估算或页面内硬编码数值；必须引用 STK-DS-1.0
ME-002,我的发布,V1.2.0,LIST,56,none,16,20,16,N/A,48,48,page_title,body,caption,status_tabs_and_list,状态标签页+本人项目列表+项目操作,只能操作本人项目,禁止从效果图估算或页面内硬编码数值；必须引用 STK-DS-1.0
ME-003,个人资料只读页,V1.3.0,STANDARD,56,none,16,20,16,N/A,48,48,page_title,body,caption,standard_content,头像+昵称+UID+脱敏手机号+注册时间,编辑资料本期不做，必须明确只读,禁止从效果图估算或页面内硬编码数值；必须引用 STK-DS-1.0
ME-004,会员中心展示,V1.3.0,STANDARD,56,none,16,20,16,N/A,48,48,page_title,body,caption,standard_content,会员卡+权益说明+状态+有效期,不实现在线支付、折扣或返佣结算,禁止从效果图估算或页面内硬编码数值；必须引用 STK-DS-1.0
ME-005,账户余额展示,V1.3.0,STANDARD,56,none,16,20,16,N/A,48,48,page_title,body,caption,standard_content,佣金账户+任务账户+只读说明,余额默认 0.00；不实现流水、提现或转账,禁止从效果图估算或页面内硬编码数值；必须引用 STK-DS-1.0
ME-006,道具中心展示,V1.3.0,STANDARD,56,none,16,20,16,N/A,48,48,page_title,body,caption,standard_content,刷新卡/超级头条/头条/变色卡展示,不实现购买、库存或使用,禁止从效果图估算或页面内硬编码数值；必须引用 STK-DS-1.0
ME-007,浏览记录占位,V1.3.0,PLACEHOLDER,56,none,24,20,16,N/A,48,48,page_title,body,caption,explicit_scope_placeholder,功能图标+范围说明+返回,本期明确不建立历史记录业务,禁止从效果图估算或页面内硬编码数值；必须引用 STK-DS-1.0
ME-008,收藏占位,V1.3.0,PLACEHOLDER,56,none,24,20,16,N/A,48,48,page_title,body,caption,explicit_scope_placeholder,功能图标+范围说明+返回,本期明确不建立收藏业务,禁止从效果图估算或页面内硬编码数值；必须引用 STK-DS-1.0
ME-009,实名认证占位,V1.3.0,PLACEHOLDER,56,none,24,20,16,N/A,48,48,page_title,body,caption,explicit_scope_placeholder,安全图标+未开放说明+返回,本期不采集身份信息,禁止从效果图估算或页面内硬编码数值；必须引用 STK-DS-1.0
ME-010,联系客服,V1.3.0,STANDARD,56,none,16,20,16,N/A,48,48,page_title,body,caption,standard_content,客服说明+联系方式+复制/外部打开,配置来自后台且受白名单控制,禁止从效果图估算或页面内硬编码数值；必须引用 STK-DS-1.0
ME-011,设置,V1.3.0,STANDARD,56,none,16,20,16,N/A,48,48,page_title,body,caption,standard_content,清理缓存+协议+隐私+关于+退出登录,不得放置未实现的通用设置开关,禁止从效果图估算或页面内硬编码数值；必须引用 STK-DS-1.0
ME-012,关于商推客,V1.3.0,STANDARD,56,none,16,20,16,N/A,48,48,page_title,body,caption,standard_content,Logo+版本号+更新检查+备案/版权信息,更新动作在 V1.4 接入真实版本服务,禁止从效果图估算或页面内硬编码数值；必须引用 STK-DS-1.0
ME-OV-001,退出登录确认,V1.0.0,OVERLAY,parent,parent,0,20,20,N/A,48,48,page_title,body,caption,dialog_or_bottom_sheet,退出说明+取消/确认退出,服务端撤销刷新令牌，客户端清理敏感数据,禁止从效果图估算或页面内硬编码数值；必须引用 STK-DS-1.0
ME-OV-002,本人项目操作面板,V1.2.0,OVERLAY,parent,parent,0,20,20,N/A,48,48,page_title,body,caption,dialog_or_bottom_sheet,查看/编辑/下架/重提/删除按状态显示,操作项由项目状态机白名单决定,禁止从效果图估算或页面内硬编码数值；必须引用 STK-DS-1.0
