state_id,page_id,implementation_version,state_name,batch_id,status,notes
COM-OV-002-S02,COM-OV-002,V1.3.0,会员在线开通未开放,B30,IMPLEMENTED_VERIFIED,阶段说明弹层已实现；最终 APK 在 Redmi 真机点击验证，明确不创建订单或扣款。
COM-OV-002-S03,COM-OV-002,V1.3.0,账户操作未开放,B30,IMPLEMENTED_VERIFIED,账户说明弹层已实现；最终 APK 在 Redmi 真机点击验证，明确不提供资金操作。
COM-OV-002-S04,COM-OV-002,V1.3.0,道具购买未开放,B30,IMPLEMENTED_VERIFIED,道具说明弹层已实现；最终 APK 在 Redmi 真机点击验证，明确不提供购买或使用。
ME-001-S03,ME-001,V1.3.0,未开通会员,B30,IMPLEMENTED_VERIFIED,最终 APK 已在 Redmi 真机直验；后台权益文案与品牌蓝装饰圆均与参考状态一致。
ME-001-S04,ME-001,V1.3.0,已开通会员,B30,IMPLEMENTED_VERIFIED,状态分支和服务端字段已实现；合同测试覆盖，生产会员配置可控。
ME-001-S05,ME-001,V1.3.0,会员已过期,B30,IMPLEMENTED_VERIFIED,过期状态分支和到期时间已实现；合同与代码状态审计通过。
ME-001-S06,ME-001,V1.3.0,离线缓存,B30,IMPLEMENTED_VERIFIED,账户资料缓存和离线提示已实现；服务器单元测试及静态门禁通过。
ME-003-S01,ME-003,V1.3.0,资料加载,B31,IMPLEMENTED_VERIFIED,加载状态已实现；真实生产 API 联调通过。
ME-003-S02,ME-003,V1.3.0,只读资料,B31,IMPLEMENTED_VERIFIED,最终 APK 在 Redmi 真机验证真实 UID、脱敏手机号和只读说明。
ME-003-S03,ME-003,V1.3.0,加载失败,B31,IMPLEMENTED_VERIFIED,统一错误与重试状态已实现；代码和合同审计通过。
ME-004-S01,ME-004,V1.3.0,会员加载,B31,IMPLEMENTED_VERIFIED,加载状态已实现；真实生产 API 联调通过。
ME-004-S02,ME-004,V1.3.0,未开通,B31,IMPLEMENTED_VERIFIED,最终 APK 在 Redmi 真机验证会员卡、权益和阶段入口。
ME-004-S03,ME-004,V1.3.0,有效会员,B31,IMPLEMENTED_VERIFIED,有效状态、开通日期和到期日期渲染已实现；状态审计通过。
ME-004-S04,ME-004,V1.3.0,已过期,B31,IMPLEMENTED_VERIFIED,已过期状态与到期日期渲染已实现；状态审计通过。
ME-004-S05,ME-004,V1.3.0,会员加载失败,B31,IMPLEMENTED_VERIFIED,统一失败与重试状态已实现；代码和合同审计通过。
ME-005-S01,ME-005,V1.3.0,账户加载,B31,IMPLEMENTED_VERIFIED,加载状态已实现；真实生产 API 联调通过。
ME-005-S02,ME-005,V1.3.0,只读余额,B31,IMPLEMENTED_VERIFIED,最终 APK 在 Redmi 真机验证佣金与任务账户真实余额及只读边界。
ME-005-S03,ME-005,V1.3.0,账户加载失败,B31,IMPLEMENTED_VERIFIED,统一失败与重试状态已实现；代码和合同审计通过。
ME-006-S01,ME-006,V1.3.0,道具加载,B32,IMPLEMENTED_VERIFIED,加载状态已实现；真实生产 API 联调通过。
ME-006-S02,ME-006,V1.3.0,道具展示,B32,IMPLEMENTED_VERIFIED,最终 APK 在 Redmi 真机验证四类后台道具目录与说明。
ME-006-S03,ME-006,V1.3.0,无展示道具,B32,IMPLEMENTED_VERIFIED,后台关闭和空目录状态已实现；代码与合同审计通过。
ME-006-S04,ME-006,V1.3.0,离线缓存,B32,IMPLEMENTED_VERIFIED,道具目录缓存和离线提示已实现；服务器单元测试通过。
ME-006-S05,ME-006,V1.3.0,道具加载失败,B32,IMPLEMENTED_VERIFIED,统一失败与重试状态已实现；代码和合同审计通过。
ME-007-S01,ME-007,V1.3.0,浏览记录未开放,B32,IMPLEMENTED_VERIFIED,最终 APK 在 Redmi 真机完成点击、滚动和返回，无空白页或死链接。
ME-008-S01,ME-008,V1.3.0,收藏未开放,B32,IMPLEMENTED_VERIFIED,最终 APK 在 Redmi 真机完成点击、滚动和返回，无虚假完成状态。
ME-009-S01,ME-009,V1.3.0,实名认证未开放,B32,IMPLEMENTED_VERIFIED,最终 APK 在 Redmi 真机完成点击、滚动和返回，无虚假完成状态。
ME-010-S01,ME-010,V1.3.0,客服配置加载,B33,IMPLEMENTED_VERIFIED,加载与错误状态已实现；真实生产客服 API 联调通过。
ME-010-S02,ME-010,V1.3.0,客服信息,B33,IMPLEMENTED_VERIFIED,最终 APK 真机显示后台 URL、服务时间和复制/打开入口。
ME-010-S03,ME-010,V1.3.0,复制成功,B33,IMPLEMENTED_VERIFIED,最终 APK 在 Redmi 真机点击复制并显示成功反馈。
ME-010-S04,ME-010,V1.3.0,外部应用不可用,B33,IMPLEMENTED_VERIFIED,安全 Intent、HTTPS 与域名白名单及不可用回退均已实现；可用路径真机打开系统浏览器。
ME-010-S05,ME-010,V1.3.0,配置失败,B33,IMPLEMENTED_VERIFIED,统一配置失败和重试状态已实现；代码与合同审计通过。
ME-011-S01,ME-011,V1.3.0,设置列表,B33,IMPLEMENTED_VERIFIED,最终 APK 在 Redmi 真机逐项打开设置、协议、隐私、关于与退出确认。
ME-011-S02,ME-011,V1.3.0,清理缓存中,B33,IMPLEMENTED_VERIFIED,异步清理中状态已实现；代码状态审计通过。
ME-011-S03,ME-011,V1.3.0,清理成功,B33,IMPLEMENTED_VERIFIED,最终 APK 在 Redmi 真机真实清理并显示“缓存已清理”。
ME-011-S04,ME-011,V1.3.0,清理失败,B33,IMPLEMENTED_VERIFIED,失败反馈与重试入口已实现；代码状态审计通过。
ME-011-S05,ME-011,V1.3.0,离线设置,B33,IMPLEMENTED_VERIFIED,本地设置项和网络边界说明已实现；代码状态审计通过。
ME-012-S01,ME-012,V1.3.0,关于信息,B33,IMPLEMENTED_VERIFIED,最终 APK 真机显示 1.3.0-beta.1、versionCode 10301 和 applicationId。
ME-012-S02,ME-012,V1.4.0,检查更新,B42,IMPLEMENTED_VERIFIED,关于页真实请求期间显示检查进度；V2203A 真机状态和 UI 层级已留证。
ME-012-S03,ME-012,V1.4.0,已是最新版,B42,IMPLEMENTED_VERIFIED,关于页比较安装版本与生产发布版本；真机显示“当前已是最新版本 1.4.0-beta.1”。
ME-012-S04,ME-012,V1.4.0,发现更新,B42,IMPLEMENTED_VERIFIED,受控可选更新记录下关于页显示发现更新并进入版本更新页；真机点击链路已验证。
ME-012-S05,ME-012,V1.4.0,检查失败,B42,IMPLEMENTED_VERIFIED,关于页错误状态使用脱敏文案和重试；服务器单元测试及真机断网回退共同覆盖。
SYS-001-S05,SYS-001,V1.4.0,发现可选更新,B40,IMPLEMENTED_VERIFIED,启动 bootstrap 可选更新判定和稍后继续均已在 V2203A 真机验证。
SYS-001-S06,SYS-001,V1.4.0,发现强制更新,B40,IMPLEMENTED_VERIFIED,最低版本和 mandatory 判定已实现；真机 Back 无法绕过强制更新。
SYS-001-S07,SYS-001,V1.4.0,维护模式,B40,IMPLEMENTED_VERIFIED,生产受控维护记录触发启动维护页；重试和恢复链路真机通过。
SYS-002-S01,SYS-002,V1.4.0,系统维护,B42,IMPLEMENTED_VERIFIED,维护消息、恢复时间和重试状态已实现；V2203A 真机截图与参考图复核通过。
SYS-002-S05,SYS-002,V1.4.0,服务已恢复,B42,IMPLEMENTED_VERIFIED,重试成功显示服务恢复并返回安全页；真机受控维护恢复路径已验证。
SYS-003-S01,SYS-003,V1.4.0,检查版本,B41,IMPLEMENTED_VERIFIED,更新页请求状态和版本服务路由已实现；关于页及 App Link 真机触发通过。
SYS-003-S02,SYS-003,V1.4.0,已是最新版,B41,IMPLEMENTED_VERIFIED,最终生产记录下 /update App Link 显示 1.4.0-beta.1 为最新版；视觉复核通过。
SYS-003-S03,SYS-003,V1.4.0,可选更新可用,B41,IMPLEMENTED_VERIFIED,版本卡、安装包大小、说明和可选标签均由真实发布数据渲染；真机验证。
SYS-003-S04,SYS-003,V1.4.0,强制更新可用,B41,IMPLEMENTED_VERIFIED,强制标签、最低版本边界和不可绕过路由已在真机受控记录下验证。
SYS-003-S05,SYS-003,V1.4.0,正在下载,B41,IMPLEMENTED_VERIFIED,真实字节进度、百分比、禁用主按钮和取消下载均已实现并留存真机证据。
SYS-003-S06,SYS-003,V1.4.0,下载失败,B41,IMPLEMENTED_VERIFIED,断网失败使用通用脱敏文案且可重试；修复后最终 APK 真机验证。
SYS-003-S07,SYS-003,V1.4.0,等待安装,B41,IMPLEMENTED_VERIFIED,下载完成及 SHA 成功后进入等待安装；真机显示安装入口并继续 FileProvider 链路。
SYS-003-S08,SYS-003,V1.4.0,安装受阻,B41,IMPLEMENTED_VERIFIED,未知来源未授权时进入应用专属设置，系统安装器不可用也有明确回退；真机验证授权分支。
SYS-OV-001-S01,SYS-OV-001,V1.4.0,可选更新,B40,IMPLEMENTED_VERIFIED,可关闭可选更新弹层与稍后/立即更新双操作已按参考图实现并真机验证。
SYS-OV-001-S02,SYS-OV-001,V1.4.0,下载中,B40,IMPLEMENTED_VERIFIED,同一更新组件的下载中状态和进度已实现；正式交互按合同进入 SYS-003 详情页。
SYS-OV-001-S03,SYS-OV-001,V1.4.0,下载失败,B40,IMPLEMENTED_VERIFIED,同一更新组件的下载失败和重试状态已实现；正式交互按合同进入 SYS-003 详情页。
SYS-OV-002-S01,SYS-OV-002,V1.4.0,强制更新,B40,IMPLEMENTED_VERIFIED,不可关闭强制更新弹层仅提供立即更新；真机 Back 后仍停留该状态。
SYS-OV-002-S02,SYS-OV-002,V1.4.0,强制更新下载中,B40,IMPLEMENTED_VERIFIED,强制路径沿用安全下载组件且禁止进入业务页；字节进度真机验证。
SYS-OV-002-S03,SYS-OV-002,V1.4.0,强制更新失败,B40,IMPLEMENTED_VERIFIED,强制下载失败保留重试与客服边界且不能绕过；网络失败/恢复真机验证。
