state_id,version,file_name
SYS-001-S05,V1.4.0,SYS-001-S05.png
SYS-001-S06,V1.4.0,SYS-001-S06.png
SYS-001-S07,V1.4.0,SYS-001-S07.png
SYS-002-S01,V1.4.0,SYS-002-S01.png
SYS-002-S05,V1.4.0,SYS-002-S05.png
SYS-003-S01,V1.4.0,SYS-003-S01.png
SYS-003-S02,V1.4.0,SYS-003-S02.png
SYS-003-S03,V1.4.0,SYS-003-S03.png
SYS-003-S04,V1.4.0,SYS-003-S04.png
SYS-003-S05,V1.4.0,SYS-003-S05.png
SYS-003-S06,V1.4.0,SYS-003-S06.png
SYS-003-S07,V1.4.0,SYS-003-S07.png
SYS-003-S08,V1.4.0,SYS-003-S08.png
SYS-OV-001-S01,V1.4.0,SYS-OV-001-S01.png
SYS-OV-001-S02,V1.4.0,SYS-OV-001-S02.png
SYS-OV-001-S03,V1.4.0,SYS-OV-001-S03.png
SYS-OV-002-S01,V1.4.0,SYS-OV-002-S01.png
SYS-OV-002-S02,V1.4.0,SYS-OV-002-S02.png
SYS-OV-002-S03,V1.4.0,SYS-OV-002-S03.png
COM-OV-002-S02,V1.3.0,COM-OV-002-S02.png
COM-OV-002-S03,V1.3.0,COM-OV-002-S03.png
COM-OV-002-S04,V1.3.0,COM-OV-002-S04.png
ME-001-S03,V1.3.0,ME-001-S03.png
ME-001-S04,V1.3.0,ME-001-S04.png
ME-001-S05,V1.3.0,ME-001-S05.png
ME-001-S06,V1.3.0,ME-001-S06.png
ME-003-S01,V1.3.0,ME-003-S01.png
ME-003-S02,V1.3.0,ME-003-S02.png
ME-003-S03,V1.3.0,ME-003-S03.png
ME-004-S01,V1.3.0,ME-004-S01.png
ME-004-S02,V1.3.0,ME-004-S02.png
ME-004-S03,V1.3.0,ME-004-S03.png
ME-004-S04,V1.3.0,ME-004-S04.png
ME-004-S05,V1.3.0,ME-004-S05.png
ME-005-S01,V1.3.0,ME-005-S01.png
ME-005-S02,V1.3.0,ME-005-S02.png
ME-005-S03,V1.3.0,ME-005-S03.png
ME-006-S01,V1.3.0,ME-006-S01.png
ME-006-S02,V1.3.0,ME-006-S02.png
ME-006-S03,V1.3.0,ME-006-S03.png
ME-006-S04,V1.3.0,ME-006-S04.png
ME-006-S05,V1.3.0,ME-006-S05.png
ME-007-S01,V1.3.0,ME-007-S01.png
ME-008-S01,V1.3.0,ME-008-S01.png
ME-009-S01,V1.3.0,ME-009-S01.png
ME-010-S01,V1.3.0,ME-010-S01.png
ME-010-S02,V1.3.0,ME-010-S02.png
ME-010-S03,V1.3.0,ME-010-S03.png
ME-010-S04,V1.3.0,ME-010-S04.png
ME-010-S05,V1.3.0,ME-010-S05.png
ME-011-S01,V1.3.0,ME-011-S01.png
ME-011-S02,V1.3.0,ME-011-S02.png
ME-011-S03,V1.3.0,ME-011-S03.png
ME-011-S04,V1.3.0,ME-011-S04.png
ME-011-S05,V1.3.0,ME-011-S05.png
ME-012-S01,V1.3.0,ME-012-S01.png
ME-012-S02,V1.4.0,ME-012-S02.png
ME-012-S03,V1.4.0,ME-012-S03.png
ME-012-S04,V1.4.0,ME-012-S04.png
ME-012-S05,V1.4.0,ME-012-S05.png
